,REASON,VALUE,DEROG,MORTDUE,YOJ,LOAN,CLAGE,NINQ,DEBTINC,CLNO,JOB,DELINQ,ks,ks_validation1,c
0,0.000869691609721383,3.7220770629838176e-14,0.042142013934518725,0.013376399614621464,0.008089634062895956,0.02878071400878735,0.03307142639107977,0.02045651885879692,0.20200386529448053,0.0009156179572988846,0.014923074243669428,0.06758869233314145,0.6234209732581502,0.6234209732581502,0.0001
1,0.0009212075543755507,3.710968194459589e-14,0.0446434783577091,0.014229349771136547,0.008617389513238762,0.030394967455867113,0.035176165639481866,0.021635246936993528,0.21255605321367435,0.0009824889168115318,0.015872831453028414,0.07153151036135995,0.6234209732581502,0.6234209732581502,0.00010722672220103231
2,0.0009752689010018165,3.392790569954426e-14,0.04726721815047262,0.015131788300045568,0.009177142357137515,0.03207723673078753,0.03740160714847841,0.022867416038732838,0.22345006603412343,0.0010542482830763111,0.016877355033790255,0.0756584560218273,0.6232113735935095,0.6232113735935095,0.00011497569953977356
3,0.00103196537589259,2.8468869646750755e-14,0.050017016080112366,0.016086238716424214,0.00977065631683125,0.033828495478958706,0.03975358961549234,0.024154227350469973,0.2346768986176701,0.0011312482672180663,0.017939377983021376,0.07997420775844294,0.623001773928869,0.623001773928869,0.0001232846739442066
4,0.0010913898540180266,2.2782278522788887e-14,0.052896668699126785,0.017095348686667528,0.010399786653750737,0.035649640530715246,0.04223820542137351,0.02549684636627245,0.2462256645066415,0.0012138651581529152,0.01906175834329666,0.08448332339190052,0.6227921742642285,0.6227921742642285,0.00013219411484660288
5,0.0011536392978535983,1.7307905155807623e-14,0.05590998165958096,0.01816191595544853,0.011066499636611517,0.037541499773904245,0.04486182214369212,0.026896407574573105,0.25808360898773275,0.0013025031759873744,0.02024750499808319,0.08919023693098203,0.6227895300296031,0.6227895300296031,0.00014174741629268049
6,0.0012188155174996057,7.939840723807869e-15,0.05906076788182934,0.019288912169489077,0.011772892152588985,0.03950483408890468,0.04763108393170143,0.028354019625839562,0.27023613916878925,0.0013975977463020245,0.021499801546025467,0.09409928479888964,0.6229964854596182,0.6229964854596182,0.0001519911082952933
7,0.001287025371640708,-1.1934059203749532e-14,0.06235285620699297,0.020479486842283342,0.012521192598547486,0.04154034334955368,0.05055290650441385,0.02987077067106212,0.28266687661688383,0.0014996150807935554,0.02282201003086019,0.09921474104133737,0.6229964854596182,0.6229964854596182,0.00016297508346206434
8,0.0013583790598184656,-3.94643127635188e-14,0.06579006708073329,0.02173692039001406,0.013313714373046499,0.0436486683965098,0.05363442273905697,0.0314477213749457,0.29535776190912566,0.0016090424612964563,0.0242176224195228,0.10454081423859748,0.6229964854596182,0.6229964854596182,0.0001747528400007683
9,0.0014329705518625934,1.2978337558711306e-14,0.06937555736659959,0.023064113614354537,0.014152459083106467,0.045830166679970925,0.056882010423074725,0.03308566427679186,0.30828948608808593,0.001726311174253317,0.02568971603760948,0.11008088968181313,0.6229964854596182,0.6229964854596182,0.0001873817422860383
10,0.001510963370506213,-1.3393723065362615e-15,0.07311439248606084,0.024465566129014356,0.015040706436015839,0.048085889541356654,0.0603050957505237,0.034786038737290484,0.32144034675709954,0.0018521206854173534,0.0272430318383558,0.11584009038923682,0.6234156847888993,0.6234156847888993,0.00020092330025650479
11,0.0015924759058258448,-1.3307405136693391e-14,0.07701008941554158,0.025944821048377798,0.015980929306740173,0.05041629663524521,0.06391111674608092,0.03654974801661569,0.33478799599634634,0.0019870066873149007,0.028881295222852207,0.1218220294680031,0.6234156847888993,0.6234156847888993,0.00021544346900318845
12,0.0016776931980541712,-9.551252432375797e-14,0.08106825059386517,0.027507507924157678,0.01697711017052294,0.05282262295795513,0.0677110449890369,0.038378555269396,0.3483079085687304,0.0021317813598625726,0.030610444249782338,0.1280327536662157,0.6234156847888993,0.6234156847888993,0.00023101297000831605
13,0.0017666597399630117,1.8561825040483904e-16,0.08528907427557005,0.02915425892853167,0.018029647151072834,0.055304240683344594,0.07170753752120443,0.040271873778519346,0.36197743615242395,0.002286651656934796,0.03243100829640432,0.13447067041763477,0.6234156847888993,0.6234156847888993,0.0002477076355991711
14,0.0018596222375319726,4.1380435991673535e-14,0.08967923590048828,0.030892238411663824,0.019143748912829293,0.057862783802071584,0.07591371138243706,0.042231918741618864,0.37576936959499807,0.00245268152530629,0.03435049421213027,0.1411432716071872,0.6236252844535398,0.6236252844535398,0.00026560877829466864
15,0.001956753323859658,6.44681053414519e-14,0.09424285771169909,0.032726188007564376,0.020322750475914333,0.060499129816113745,0.08033894326402866,0.04425982011757407,0.389657459075469,0.002630606209217921,0.03637379458044445,0.14805417850832076,0.6236252844535398,0.6236252844535398,0.0002848035868435802
16,0.0020582403566532567,8.772352436370502e-14,0.09898402973060533,0.03466119271263808,0.02157025371309302,0.06321422715319361,0.08499289812914945,0.046356741555413576,0.403614957840206,0.0028212192883349534,0.0385061284766178,0.1552069225839646,0.6236252844535398,0.6236252844535398,0.0003053855508833416
17,0.002164286718758573,1.1759634443818108e-13,0.10390683009140177,0.03670269779375621,0.022890129125088997,0.06600914116746587,0.08988560704228261,0.048523896969564814,0.41761479454985134,0.003025374176984035,0.040753056808207885,0.16260491362918755,0.6236252844535398,0.6236252844535398,0.00032745491628777284
18,0.0022750800521488717,1.1391649577432448e-12,0.10901568455329688,0.03885469221689296,0.02428468139234045,0.06888586109202385,0.09502824728868704,0.0507625633773261,0.4316304655400199,0.003243696547255918,0.04311863418188552,0.17025137476560676,0.623633217157416,0.623633217157416,0.0003511191734215131
19,0.002390955552716637,6.517257599818656e-13,0.11431331675734765,0.041127817449053826,0.025762862215865778,0.07184402047848336,0.10043015209799491,0.05307397007725139,0.445633098797967,0.003477921162502589,0.0456136086326218,0.17814863001093778,0.623633217157416,0.623633217157416,0.00037649358067924675
20,0.002512106621586471,1.953089360789543e-13,0.11980541358482209,0.04352561780104514,0.027326459687377225,0.0748861654481293,0.10610307796048589,0.05545960143895662,0.45959647700290274,0.0037285919931438287,0.048241514537630925,0.18630048721152281,0.6240550607213226,0.6240550607213226,0.0004037017258596554
21,0.002638684479261426,1.7817781870449766e-12,0.12549534954498864,0.04605309062264415,0.028977670578092717,0.0780147986317705,0.11205989110815115,0.05792114564255097,0.4734952930213325,0.003996235827273315,0.05100756504927084,0.19470970187745568,0.6251057032791506,0.6251057032791506,0.0004328761281083057
22,0.002771181375737689,4.773287882984353e-13,0.1313846119157401,0.048722614362237356,0.030728721150325593,0.08122735844175409,0.11830357174678284,0.06045911663534026,0.487300818241751,0.004283257803115302,0.05392382826196696,0.2033828918780709,0.6251057032791506,0.6251057032791506,0.0004641588833612782
23,0.0029097586597762303,3.600883524958206e-13,0.13748111302323446,0.051536240090791385,0.03257884224557194,0.08452952062926225,0.1248522043725758,0.06307570673747633,0.5009897368421466,0.004589821294040057,0.05699233037811957,0.2123187545633184,0.6253179471784166,0.6253179471784166,0.0004977023564332114
24,0.0030550231698904793,5.722539820025824e-13,0.14378883687198424,0.054503629927979906,0.034534404236839025,0.08793076582601062,0.13173511619834716,0.06577245514319648,0.5145412887332297,0.00491798200645,0.06022198706702675,0.2214891764668022,0.6259493904069636,0.6259493904069636,0.0005336699231206312
25,0.0032069460420647354,6.344899010028711e-13,0.1503048606913151,0.057634086087567336,0.03660378436091926,0.091420408430651,0.13893586958637674,0.0685503991459996,0.5279262981059132,0.00526847118892847,0.06362292957165065,0.23093786866465776,0.625784742730955,0.625784742730955,0.0005722367659350221
26,0.003366047708003093,5.893983077787614e-13,0.1570342745806525,0.06093564422073941,0.03879251377014045,0.09500566432052683,0.1464768821190941,0.07141106841155524,0.5411249820437813,0.005642996945887114,0.06720246485768032,0.24064729047527986,0.62746682851733,0.62746682851733,0.0006135907273413176
27,0.0035327085251436402,4.339997179954033e-13,0.16397899012548425,0.06441716796285057,0.04110724161878103,0.09868877015630058,0.15436954215812101,0.07435581644883678,0.5541165385663613,0.00604306132553514,0.07096910535886294,0.2506161501135239,0.6278860278466111,0.6278860278466111,0.0006579332246575682
28,0.0037071350482322427,3.2219459557307385e-12,0.17114085643035473,0.06808435839708028,0.04355259549742079,0.10246835381519402,0.16261496027549177,0.0773859210630728,0.566881526780175,0.006469526452061001,0.07492846577014722,0.260860442322777,0.6287270707397987,0.6287270707397987,0.0007054802310718645
29,0.0038902168030133404,2.2482775508024512e-12,0.1785197627549415,0.0719544772065363,0.04614114623579251,0.10635557593052536,0.17124807087696683,0.08050260076623537,0.579402362956209,0.006925750991472949,0.07909642395528786,0.2713340546784519,0.6297380497782457,0.6297380497782457,0.000756463327554629
30,0.004082091758467602,4.0965124621634894e-13,0.18611549979319297,0.07603336532649402,0.048877952517225695,0.11034661975815853,0.18026353098613188,0.08370678494105642,0.5916622069727707,0.007412481037460921,0.08347870819658422,0.2820579203562451,0.6307886923360737,0.6307886923360737,0.0008111308307896872
31,0.004283166171348017,-2.7308780334161025e-12,0.19392698069809677,0.08033096751155484,0.05177059197798225,0.11444329994657394,0.18967058315436183,0.08699947061825292,0.6036463689779031,0.007931377914158237,0.08808461827209614,0.2930274547127719,0.6325130858764554,0.6325130858764554,0.0008697490026177834
32,0.004493859915358013,-6.656056415756315e-12,0.20195257347213,0.0848569123829393,0.054826411817177144,0.11864775901126828,0.19947864495506076,0.09038152098290037,0.6153418518677791,0.008484129645940457,0.09292302881083335,0.3042360693484802,0.6323034862118149,0.6323034862118149,0.0009326033468832199
33,0.004714715275808593,-8.584254497226374e-12,0.21018965423686345,0.08962149766100982,0.05805436609538301,0.12296175183369887,0.20969568482209897,0.09385337164125486,0.6267375549664642,0.009072936230638196,0.09800316936853484,0.315675037710518,0.6329375736749873,0.6329375736749873,0.001
34,0.004946362763027195,-7.671451853985292e-12,0.21863431100222544,0.09463635016125146,0.06146511309741666,0.12738645172442797,0.22032823884002825,0.09741512401740929,0.6378239476825596,0.009700368336029807,0.10333534460241521,0.32733417136740384,0.634152863908824,0.634152863908824,0.0010722672220103231
35,0.005189312669806508,-6.334973574295092e-12,0.22728173854106054,0.09991213548808346,0.06506773284990132,0.13192287577997971,0.23138198014509984,0.10106676903306017,0.6485929317389519,0.010368499126945234,0.10892895435310282,0.3392025724944224,0.6358957670915835,0.6358957670915835,0.0011497569953977356
36,0.005444037127001018,-5.8238936684141675e-12,0.23612577402346246,0.10545918204409627,0.06887110620332561,0.13657131455848043,0.2428604870158346,0.10480804225429105,0.6590383230340467,0.011079326771362401,0.11479299512159885,0.35126875527522095,0.6377768756040975,0.6377768756040975,0.0012328467394420659
37,0.005711060705096477,-6.0452548814355454e-12,0.24515894984485578,0.1112882525076237,0.07288505343129155,0.14133144070168457,0.2547655903465895,0.10863836248376543,0.6691559124523102,0.011835109444528142,0.12093669366320049,0.36352007098354594,0.6379811867994871,0.6379811867994871,0.0013219411484660286
38,0.005990949764632381,-6.664108735621289e-12,0.25437270321947797,0.11741014164646597,0.07711989163448893,0.14620249953693573,0.2670976681109942,0.11255680308585879,0.6789432127361349,0.01263827432610791,0.12736910438508373,0.3759424812824287,0.6385888319164055,0.6385888319164055,0.0014174741629268048
39,0.006284297182124929,-7.421778937627795e-12,0.2637572609016367,0.12383550046828688,0.08158621264009222,0.15118326727001566,0.2798555552506169,0.11656205343530163,0.6883992508632439,0.013491357531093226,0.13409894365744346,0.38852034355621595,0.639642118708859,0.639642118708859,0.0015199110829529332
40,0.006591715220219823,-8.151117884350617e-12,0.2733015372480845,0.13057479751987347,0.08629482084493945,0.1562720268996305,0.2930365375960657,0.12065237185941774,0.6975242536198693,0.0143969850758659,0.1411345442238018,0.4012359041756108,0.6398517183734995,0.6398517183734995,0.0016297508346206436
41,0.006913819808416648,-8.749547426777884e-12,0.282993338674748,0.13763801370496714,0.09125649622680074,0.16146645581417915,0.3066360106440435,0.12482555168483746,0.7063193676234535,0.015357809986242548,0.14848355772528768,0.4140696090927771,0.6402444753565265,0.6402444753565265,0.001747528400007683
42,0.007254180426758579,-4.033725817912282e-12,0.29281609605204556,0.14502529321055596,0.09649310176039,0.16676312396788381,0.32064148901669726,0.1290745129572856,0.714784456129208,0.01638558123977967,0.15614099814312352,0.42700648886691467,0.6402709177027807,0.6402709177027807,0.001873817422860383
43,0.00760838383755982,-4.339772134092352e-12,0.3027644033100129,0.15276121284095315,0.10199768515246464,0.17215675673954695,0.33504750402275424,0.13340374949790373,0.7229301013364146,0.017467466719667,0.16413307423739634,0.4400254551981313,0.6406821843281855,0.6406821843281855,0.002009233002565046
44,0.007978951431747252,-4.700824495138739e-12,0.3128181977217408,0.1608477801765491,0.10778698149690483,0.17764333107463542,0.34984168412367944,0.13780712486336652,0.7307586988018638,0.01861204678683386,0.17245752802196507,0.45310606893089217,0.6406716073896839,0.6406716073896839,0.0021544346900318843
45,0.008365888525089167,-5.1869489988931896e-12,0.3229587716974536,0.16929406712026537,0.11386798066582392,0.18321693295017502,0.3650105312634023,0.142282285295348,0.7382778564970239,0.01982014872870472,0.18112158777200799,0.46623223366766314,0.6402524080604027,0.6402524080604027,0.0023101297000831605
46,0.008776487400786364,-4.418666918880224e-12,0.33317502838077584,0.17809263352917482,0.1202805921880481,0.18887027601694364,0.38052640183356634,0.14681772431592122,0.7454984549523466,0.021115042598788582,0.19010914389305694,0.47940058743231245,0.6389815888994326,0.6389815888994326,0.0024770763559917113
47,0.009201883116991228,-4.537505298690747e-12,0.3434484461321264,0.18727092520446537,0.12699816653223195,0.19459662648420828,0.3963810921379128,0.15141737440572345,0.7524229037381883,0.02247021110537713,0.19945047514970096,0.49256167090132563,0.64006131803814,0.64006131803814,0.0026560877829466868
48,0.009648929746105511,-3.899569376923834e-12,0.3537628634551073,0.19682070334451293,0.134056622348895,0.20038796638869452,0.4125465267580837,0.15607001920212013,0.75906265694014,0.02390759439902578,0.2091293243345546,0.5057088109462115,0.6401432893115276,0.6401432893115276,0.002848035868435802
49,0.01011869925735726,-3.086489434697418e-12,0.36409658562356584,0.20674469581603697,0.1414661506356692,0.2062358743670933,0.42900054774145663,0.1607699370737681,0.7654256463203148,0.025431257933921744,0.21914496535875527,0.5188203421305597,0.639938978116138,0.639938978116138,0.0030538555088334154
50,0.010611059625386748,-8.487201189662915e-13,0.37442714770595426,0.21705005680075057,0.149246114754746,0.2121331098667687,0.4457172722939319,0.16550531940225788,0.7715154732525223,0.02704109847057324,0.22949534712257633,0.5318691795602136,0.6410054860817185,0.6410054860817185,0.0032745491628777285
51,0.011132675340896712,-1.1117891601228093e-12,0.384758680183792,0.2277167995010899,0.15739241522403066,0.21806287919142942,0.4626704699570774,0.1702844930066552,0.777358755012101,0.028759986418702133,0.2401705120619914,0.5448532286191551,0.6410028418470931,0.6410028418470931,0.003511191734215131
52,0.011666735873391626,-8.16607149608286e-13,0.395051240146328,0.23879155137738073,0.16588532913538573,0.2240194222797932,0.47981796956742273,0.1750952431712017,0.7829539514363663,0.030534543207110534,0.2512046001600636,0.5577419913256264,0.6412097972771083,0.6412097972771083,0.0037649358067924675
53,0.012246357819716796,4.734807227521867e-13,0.40527873676038806,0.25019802961317605,0.17481097464572565,0.22999369998458458,0.4971645793405114,0.1799246888674977,0.7883225807108748,0.03247027362156302,0.2625211993298612,0.5705377438329038,0.6422181320809298,0.6422181320809298,0.004037017258596558
54,0.012840600044147584,8.902196923805654e-13,0.4154432226307985,0.26200286573923526,0.18410601130733042,0.23597072998955584,0.5146358289036674,0.18476909113504852,0.7934614798926413,0.03446966684601868,0.27417682213966893,0.5831965348188548,0.6420111766509147,0.6420111766509147,0.004328761281083062
55,0.013467673779754732,1.0125171368525003e-12,0.42551680798884045,0.274163666406998,0.19381128570153144,0.24193886988904983,0.5322171341431848,0.18962102978384698,0.7983895908534941,0.03659123223672834,0.286130951563067,0.5957197988951094,0.6428601522479784,0.6428601522479784,0.004641588833612782
56,0.014106239000223045,4.52377649084017e-13,0.43549085383342784,0.28671262828456856,0.20391702343448137,0.2478912672741074,0.5498365562247175,0.19445751587962182,0.8031040350521066,0.038764866960570195,0.2983895636600648,0.60808573195355,0.6445369495651028,0.6445369495651028,0.004977023564332114
57,0.014816348401114648,-2.922687134458277e-13,0.4453339819002897,0.29953547947574705,0.2144527917382635,0.2538015103271872,0.5675539402989407,0.19931589360188653,0.8076511528806302,0.04118958941509642,0.3109003997934183,0.6202982228564768,0.6436747527949119,0.6436747527949119,0.005336699231206312
58,0.015552072180830934,4.818286325993781e-13,0.45504663400162726,0.31270977259931837,0.2254249073426952,0.25967272753341525,0.5852466985542749,0.20414300129754456,0.8120107290892951,0.04371274075749746,0.32367488848889275,0.632329106634271,0.644937639252006,0.644937639252006,0.00572236765935022
59,0.016322607561697178,6.375821870318392e-14,0.46461713432067436,0.32620220014886786,0.23678867061743583,0.2654836466678956,0.6028689071473278,0.20894333769485038,0.8162028465580585,0.046365910239821694,0.3366987740667232,0.6441655154180357,0.6451472389166465,0.6451472389166465,0.006135907273413176
60,0.017124778657826766,-7.721900838937963e-13,0.4740151549976557,0.3400043971869644,0.24858443241375294,0.27123355066307125,0.6204394338419418,0.2137077146689482,0.8202245605990799,0.04913868854108633,0.3499517346009334,0.6557840166121442,0.6435048166496525,0.6435048166496525,0.006579332246575682
61,0.017988715883596802,-7.331285039044202e-14,0.4832403456098212,0.35410059163282837,0.26077635829087326,0.27691305985426884,0.6379179597957406,0.21843934342368923,0.8240689101612073,0.05213138152866688,0.3634387369163366,0.6672010419643881,0.64410717329732,0.64410717329732,0.007054802310718645
62,0.018859385486719137,-5.950467201219346e-14,0.49227567794158295,0.3684402805598672,0.273460473597172,0.2824958993178316,0.6552694483579907,0.2231172899574918,0.8277879190734624,0.05516027590949337,0.37706734794152313,0.6783979979967869,0.6453647712851632,0.6453647712851632,0.007564633275546291
63,0.019799208434382026,6.141328051971385e-14,0.5011221495954492,0.38302725462046566,0.28651933336393626,0.287989208726551,0.672429026191105,0.22773503499008724,0.8313577622166552,0.05843251768234388,0.390876525724331,0.689364668064265,0.6457839706144444,0.6457839706144444,0.008111308307896872
64,0.020792815747245487,8.16370356491896e-15,0.5097319764185063,0.3978233750754339,0.2999714618599023,0.29337563922386106,0.6893875135237105,0.23228423152040656,0.8348002434949878,0.06189888569686522,0.40481693440492855,0.7000906486606018,0.6449402834866313,0.6449402834866313,0.008697490026177835
65,0.02181397421135909,1.0804109721861012e-12,0.5181506054087706,0.41280462311220123,0.31388023497303247,0.2986431407551588,0.7061024811118537,0.2367521158736267,0.8381478732034707,0.06546963579896949,0.4188464924879952,0.7105559105434084,0.6447359722912417,0.6447359722912417,0.0093260334688322
66,0.022906119442871724,6.013025315243169e-13,0.5263567590504846,0.4279461131138043,0.32816293507079586,0.303788633437033,0.7225741786598101,0.24116021580566058,0.8413451455769438,0.06929077138404882,0.43298126607544357,0.7207962498523188,0.64472539535274,0.64472539535274,0.01
67,0.024072536783455115,4.472421973055085e-13,0.5343179915889189,0.44322931245491126,0.3427712783165398,0.30881951140391356,0.7387373224599594,0.2454594453006862,0.8444232176970372,0.07337290587702763,0.44717696848320504,0.7307751583374885,0.6449402834866313,0.6449402834866313,0.010722672220103232
68,0.02529974604141494,4.196162201615248e-13,0.5420168111901994,0.4586063601654373,0.3577424856513274,0.3137075486045017,0.754591651969995,0.24964718280846726,0.8473915706524747,0.07767561714866418,0.46137413982114933,0.7404933287877175,0.6443247056658368,0.6443247056658368,0.011497569953977356
69,0.026592124825836633,-9.273007034676493e-14,0.5495248265097186,0.4740404281778787,0.37304545509582726,0.31842607910473636,0.7701341726670967,0.2537675393445185,0.8502564095369838,0.08221707765716639,0.4755743810201992,0.7499216558200106,0.6445290168612265,0.6445290168612265,0.012328467394420659
70,0.02791323716518481,8.144207206325672e-13,0.5567375677034949,0.48947676777846966,0.38874305151568506,0.3230317071143204,0.7853079951949746,0.2577813508398533,0.8530171859248554,0.08685005839650473,0.4897213301221375,0.7591309438559324,0.6451498831512719,0.6451498831512719,0.013219411484660288
71,0.02934953531450145,1.0969285061953039e-12,0.5637303831279329,0.5049820406528365,0.40461654439107986,0.32745069609326083,0.8000594616797709,0.2616847328557177,0.8557277687416182,0.09190319562124649,0.5038733547981864,0.7680324653377409,0.6455717267151784,0.6455717267151784,0.014174741629268049
72,0.03084881054849456,1.5344340731147555e-12,0.5704796666647122,0.5204261913438339,0.4208530037080404,0.3317269831589437,0.8144447193071973,0.26547787194039874,0.8583290883780981,0.09717584948289032,0.5179057848413882,0.7767071080032543,0.6464101253737405,0.6464101253737405,0.01519911082952933
73,0.032425090542548295,2.155721040730584e-12,0.5769905218451769,0.5357999161249698,0.4373208709113538,0.3358518867491468,0.8284397002890881,0.2691593961532799,0.8608445186985072,0.10271800075250151,0.5318269518053245,0.7851098922317938,0.6455505728381752,0.6455505728381752,0.01629750834620645
74,0.034084759294033706,2.9759546546597195e-12,0.5832607857679484,0.5510758686943245,0.4540000442251562,0.3398190148043346,0.8420230614179045,0.27272235418582913,0.863277428481896,0.10855507763616878,0.5456089564219203,0.7932459160276394,0.645131373508894,0.645131373508894,0.01747528400007685
75,0.03583136398727727,4.045744842974014e-12,0.5892939677853086,0.5662216731629903,0.4708572605989838,0.3436275391991055,0.8551879053907069,0.2761630782478719,0.8656301578628204,0.11469973835748604,0.5592252453892148,0.8011135554737654,0.6457601725028157,0.6457601725028157,0.018738174228603847
76,0.03767474489967347,4.5280758783432826e-12,0.5951116429989589,0.5812467656451301,0.48783075462746717,0.34723816501763244,0.8678919352750367,0.27948653448623967,0.8679083998071948,0.12121850429088016,0.5726569420945593,0.8087523898899399,0.6453489058774108,0.6453489058774108,0.02009233002565048
77,0.03960954882974821,5.8664131697830135e-12,0.6006759059435159,0.5960512030670815,0.5049382484975035,0.35071550374370963,0.8801900582819945,0.28268679903633165,0.8701075084761172,0.12804772759931013,0.5858678772699927,0.8161027387972614,0.645569082480553,0.645569082480553,0.021544346900318846
78,0.04165547460423335,7.89537813278546e-12,0.6060085299786145,0.6106178593632576,0.5221251660302971,0.35404273240217776,0.8920252256476732,0.2857743601224999,0.8722353651108564,0.1352460615867253,0.59887700265563,0.8232081343530112,0.6462163911168525,0.6462163911168525,0.023101297000831605
79,0.04379501319327194,1.0147308145241499e-11,0.6110815545556074,0.6249495596759483,0.5393853480900418,0.3571998724564426,0.903399742944018,0.2887478810695864,0.8742904357466209,0.14281462516028579,0.6116074933283112,0.8300607716797126,0.6457628167374411,0.6457628167374411,0.024770763559917114
80,0.04600419969269235,9.034032515891724e-12,0.6159997472921556,0.639142915870139,0.556580685938286,0.3601665601033839,0.9143907112112687,0.2915677354154573,0.8762929428090076,0.15084924029868124,0.6239509979009028,0.8366356942866605,0.6463757503236103,0.6463757503236103,0.026560877829466867
81,0.048347029281955015,1.0991929961964268e-11,0.6206856417230606,0.6529683127425484,0.5737668562368196,0.36300949409327954,0.924952869555228,0.2942952452629863,0.878210278325116,0.15923623392252603,0.6361017293963726,0.8429414793056224,0.6472141489821724,0.6472141489821724,0.02848035868435802
82,0.05084040438606419,1.6075971044764567e-11,0.6251359513234748,0.6664015002179111,0.5908997652727092,0.3656910060563928,0.9349912572865896,0.2969101070485907,0.8800764125144077,0.16799865854169105,0.648034304930185,0.8491006133146871,0.6459671279328308,0.6459671279328308,0.030538555088334154
83,0.05337172499669606,1.6774739197395337e-11,0.6293873788225703,0.6795598460013408,0.6078502009042244,0.3682515623762901,0.9446713555704807,0.29942682256714087,0.8818701497571579,0.17726007540971866,0.6595250790974332,0.8549855485830155,0.6459512625250784,0.6459512625250784,0.03274549162877728
84,0.05609496620182308,2.173472383361918e-11,0.6334524380559233,0.6923311919885798,0.6246843943664164,0.37064634786622497,0.9539018534712723,0.3018223828458338,0.8836017109289057,0.18695913714997808,0.6707724830199726,0.8606151831605264,0.6463704618543594,0.6463704618543594,0.03511191734215131
85,0.058910765522836014,2.4024033039721484e-11,0.6373073589904454,0.7047617844592793,0.6413163354855579,0.3729058672016965,0.9627265916997748,0.3040884118146648,0.8852713668920605,0.1971244307024116,0.6815905590801395,0.8660365925318112,0.6457971917875713,0.6457971917875713,0.037649358067924674
86,0.06188187907340419,2.8942719705017654e-11,0.6409849809957308,0.7167398484741142,0.6577290190955775,0.37503524234658175,0.9711391405167619,0.3063067933485187,0.8868761802628463,0.2077962193910969,0.692180725030828,0.8711972436139596,0.6463704618543594,0.6463704618543594,0.040370172585965536
87,0.06496635916002488,3.135780466550615e-11,0.6445042240698545,0.7283888995048041,0.6739572215884461,0.3770010828850213,0.9791112091106373,0.3084138995282226,0.8884287245275679,0.21896861187224362,0.7024253975008701,0.8761313845571472,0.6461608621897189,0.6461608621897189,0.04328761281083057
88,0.06812735105429904,4.3499570840728166e-11,0.6478760186210636,0.739632334889534,0.6897979669011838,0.37887290903651233,0.9867860182442235,0.31047450523639314,0.8899064191619644,0.23067115536481206,0.7122584507088264,0.8808961830077124,0.6455399958996735,0.6455399958996735,0.04641588833612782
89,0.07164809066337531,5.543409399682993e-11,0.6509914050795392,0.7503664634504192,0.705457393010837,0.38058307290978866,0.9939568365894859,0.31231459661258626,0.8913391158236024,0.24277754980631777,0.7219291095349637,0.8854265296738982,0.6459591952289546,0.6459591952289546,0.049770235643321135
90,0.07496581196179178,5.224002545377618e-11,0.654020441938674,0.7608164837090216,0.7206610424931428,0.3822033943844945,1.000893137084736,0.31419995189439837,0.8927305917727781,0.2556017894124449,0.7308903650974944,0.8897508054455565,0.6455399958996735,0.6455399958996735,0.05336699231206313
91,0.07770228879830525,2.299412815959586e-11,0.6568359800974208,0.7707839337198878,0.7355198971191454,0.38375124916212716,1.0073284654141899,0.3160675066577155,0.8940629425163974,0.2691721671927213,0.7396308029311749,0.893792807779791,0.6451498831512719,0.6451498831512719,0.0572236765935022
92,0.08093778912319909,1.3180160047185505e-11,0.6595631512104957,0.7803081364915379,0.7501034988327016,0.38514958422335,1.0134712271125705,0.31772347305578225,0.8953105311192382,0.28310859717032494,0.74820363335921,0.8978325884018507,0.6451472389166465,0.6451472389166465,0.061359072734131756
93,0.08455125003719259,1.6448410919093945e-11,0.6621321305379788,0.7894347477133757,0.7642294350532802,0.38643391625277684,1.0192771891831105,0.3193559318812646,0.8965260455509678,0.29755146965101115,0.7563222534462919,0.9015939285598685,0.6447280395873655,0.6447280395873655,0.06579332246575682
94,0.0882543656834624,2.0211115636441136e-11,0.6645679140239356,0.798142429041285,0.7779436238411215,0.3876163836695384,1.0247566567979045,0.3209249709798737,0.8976909819268915,0.3125581521377009,0.7641015357799658,0.9051770761851955,0.6445184399227248,0.6445184399227248,0.07054802310718646
95,0.09206550616625045,2.4048699390649986e-11,0.6668920687993422,0.8064083387417819,0.7912486894048743,0.38869196512438464,1.0299355888675583,0.3223564244863498,0.8987846853507987,0.3281055603785247,0.7715963402531234,0.9085579453726023,0.6445052187495979,0.6445052187495979,0.07564633275546291
96,0.09594530670677953,2.946171196609196e-11,0.6690813568985735,0.8142885435109529,0.8041084991156765,0.3896839678374542,1.03480091141682,0.32379765794012755,0.8998456077957032,0.3442301934511934,0.7787238065134527,0.9117967401332165,0.6444814206379692,0.6444814206379692,0.08111308307896872
97,0.09989949954808414,3.5755866156895876e-11,0.6711548099332806,0.8217670557130751,0.8165277540018241,0.39058879759511794,1.0393761024579724,0.32518873349664124,0.9008582816020125,0.36090769376025905,0.7855298416179936,0.9148753826265595,0.6446936645372351,0.6446936645372351,0.08697490026177834
98,0.10391962973042179,4.3000527673378495e-11,0.6731182308615604,0.8288517591133229,0.828502179777263,0.3914112100634655,1.043673442981368,0.32653276471709647,0.9018236275817944,0.37812686048797345,0.792022278543877,0.9178001524321229,0.6449032642018757,0.6449032642018757,0.093260334688322
99,0.10799640360410033,5.126984804919482e-11,0.6749771931617229,0.835551419456718,0.8400296430218068,0.39215564182902224,1.0477049010996884,0.3278324138818564,0.9027428955039071,0.3958726859658172,0.798209836382743,0.9205773012732661,0.6442744652079541,0.6442744652079541,0.1
